"Question Number","Question Type","Difficulty Level","Category","Question","Option A","Option B","Option C","Option D","Correct Answer","Hint","Explanation","Tags","Sources","Validation Notes"
"1","Multiple Choice","Recall","Government","Who was Trump's first choice for Attorney General who later withdrew from consideration?","Pam Bondi","Matt Gaetz","Bill Barr","Jeff Sessions","Matt Gaetz","Think about the former Florida congressman who faced ethics investigations and withdrew in November 2024.","When controversial nominees withdraw, it shows how Senate oversight can work even before formal hearings begin. Your vote for senators matters because they're the ones who decide whether to confirm or reject presidential appointments that affect your daily life.","senate; president; government; presidential powers","[{""name"":""Trump chooses loyalist Pam Bondi for attorney general pick after Matt Gaetz withdraws - AP News (Alternative)"",""url"":""https://apnews.com""},{""name"":""Matt Gaetz withdraws as attorney general nominee - CBS News"",""url"":""https://www.cbsnews.com/news/matt-gaetz-withdraw-attorney-general-nomination/""}]","✓ Detailed explanation; ✓ Well-tagged"
"2","Multiple Choice","Comprehension","Government","What constitutional requirement must the Senate fulfill regarding Cabinet appointments?","Provide funding for nominees' salaries","Give advice and consent on presidential nominations","Conduct background checks on all nominees","Hold public hearings within 30 days","Give advice and consent on presidential nominations","Look for the constitutional phrase that describes the Senate's role in the appointment process.","This constitutional requirement protects you from having unqualified people in powerful positions. When you vote for senators, you're choosing people who will carefully review nominees who could impact everything from healthcare to national security in your community.","constitution; senate; government; legislative process","[{""name"":""What happens during Donald Trump's presidential transition process, 2024-2025 - Ballotpedia"",""url"":""https://ballotpedia.org/What_happens_during_Donald_Trump's_presidential_transition_process,_2024-2025""},{""name"":""U.S. Senate: Donald J. Trump Cabinet Nominations"",""url"":""https://www.senate.gov/legislative/nominations/Trump_47_cabinet.htm""}]","✓ Detailed explanation; ✓ Well-tagged"
"3","Multiple Choice","Analysis","Government","Why did Pete Hegseth's confirmation as Defense Secretary require a tie-breaking vote from the Vice President?","All Cabinet confirmations require tie-breaking votes","Three Republican senators voted against him, creating a 50-50 tie","Democrats filibustered his nomination","The Senate was evenly divided between parties","Three Republican senators voted against him, creating a 50-50 tie","Consider what happens when senators from the president's own party break ranks due to concerns about a nominee.","This rare situation shows that even senators from the president's party can reject nominees they find unqualified. Your senators need to balance party loyalty with their duty to protect the country, which is why your voice matters when you contact them about important nominations.","president; government","[{""name"":""Pete Hegseth, Trump's embattled pick for defense secretary, confirmed by Senate - NPR (Alternative)"",""url"":""https://npr.org""},{""name"":""Senate confirms Pete Hegseth as Trump's defense secretary in 51-50 vote - CBS News"",""url"":""https://www.cbsnews.com/news/pete-hegseth-confirmation-vote-senate-defense-secretary/""}]","✓ Detailed explanation"
"4","Multiple Choice","Comprehension","Government","What are recess appointments and why is Trump considering them?","Temporary appointments made when Congress is on vacation for personal reasons","Appointments made when the Senate is out of session for at least 10 days to bypass confirmation","Emergency appointments during national crises","Appointments that require approval from both House and Senate","Appointments made when the Senate is out of session for at least 10 days to bypass confirmation","Think about how a president might avoid the normal Senate confirmation process during legislative breaks.","Recess appointments let presidents skip the normal vetting process that protects you from unqualified officials. If your senators allow this, they're giving up their constitutional duty to review nominees, which means less oversight of people who make decisions affecting your life.","constitution; president; government; presidential powers","[{""name"":""What are recess appointments and how could Trump use them to fill his Cabinet? - AP News (Alternative)"",""url"":""https://apnews.com""},{""name"":""Trump told senators to allow recess appointments. Here's what that means. - The Washington Post (Alternative)"",""url"":""https://washingtonpost.com""}]","✓ Detailed explanation; ✓ Well-tagged"
"5","Multiple Choice","Recall","Government","Who did Trump name as his White House Chief of Staff, making her the first woman to hold this position?","Linda McMahon","Pam Bondi","Susie Wiles","Tulsi Gabbard","Susie Wiles","Think about Trump's 2024 campaign manager who was announced for this historic appointment in November 2024.","The Chief of Staff controls access to the president and shapes policy decisions that affect your daily life. This historic appointment shows how women are breaking barriers in government, but what matters most is whether this person will serve all Americans fairly.","house; president; policy; government","[{""name"":""Donald Trump presidential transition, 2024-2025 - Ballotpedia"",""url"":""https://ballotpedia.org/Donald_Trump_presidential_transition,_2024-2025""},{""name"":""Second presidential transition of Donald Trump - Wikipedia"",""url"":""https://en.wikipedia.org/wiki/Second_presidential_transition_of_Donald_Trump""}]","✓ Detailed explanation; ✓ Well-tagged"
"6","Multiple Choice","Analysis","Government","How did Trump's 2024 Cabinet nomination timeline compare to previous presidents?","He took longer than Biden, Obama, and his first term","He announced nominees faster than Biden, Obama, and his first term","He matched the same pace as his first term","He only announced half as many positions as other presidents","He announced nominees faster than Biden, Obama, and his first term","Consider the average number of days after election day that Trump announced his 2024 nominees compared to other presidents.","Faster nominations can mean better preparation, but they might also mean less thorough vetting of candidates. Citizens benefit when presidents move quickly to fill important positions, but you also need assurance that nominees are qualified to serve your interests.","president; government; citizen; presidential powers","[{""name"":""Donald Trump's Cabinet, 2025 - Ballotpedia"",""url"":""https://ballotpedia.org/Donald_Trump's_Cabinet,_2025""},{""name"":""Here's who is in Trump cabinet and other top staff positions - BBC News"",""url"":""https://www.bbc.com/news/articles/cx24gze60yzo""}]","✓ Detailed explanation; ✓ Well-tagged"
"7","Multiple Choice","Comprehension","Government","What role will Howard Lutnick play in Trump's administration?","Secretary of Treasury","Secretary of Commerce and leader of tariff policy","White House Chief of Staff","Director of National Intelligence","Secretary of Commerce and leader of tariff policy","Think about the billionaire CEO who co-chaired Trump's transition team and will oversee trade policy.","The Commerce Secretary shapes trade policies that directly affect prices you pay for goods and whether businesses in your community can compete globally. Understanding who holds this position helps you track how government decisions impact your wallet and local economy.","local; government; presidential powers","[{""name"":""See the full list of Trump Cabinet picks and major White House appointments - CBS News"",""url"":""https://www.cbsnews.com/news/who-might-be-in-donald-trump-cabinet/""},{""name"":""Trump administration tracker shows his latest top staff picks for his 2025 term"",""url"":""https://www.cbsnews.com/live-updates/trump-administration-nominees-2025/""}]","✓ Detailed explanation; ✓ Well-tagged"
"8","Multiple Choice","Analysis","Government","What does the Department of Government Efficiency (DOGE) represent in terms of government structure?","A new Cabinet-level department approved by Congress","A component of the Executive Office that doesn't require congressional approval","An independent agency with regulatory powers","A temporary commission that will dissolve after one year","A component of the Executive Office that doesn't require congressional approval","Consider why this entity has 'Department' in its name but isn't actually a federal department.","This shows how presidents can create new government entities without Congress, potentially bypassing the legislative oversight that protects your interests. When you vote for representatives, you're choosing people who should have a say in how your tax dollars are spent on new government initiatives.","congress; president; government; legislative","[{""name"":""Second cabinet of Donald Trump - Wikipedia"",""url"":""https://en.wikipedia.org/wiki/Second_cabinet_of_Donald_Trump""},{""name"":""Here's who is in Trump cabinet and other top staff positions - BBC News"",""url"":""https://www.bbc.com/news/articles/cx24gze60yzo""},{""name"":""Second cabinet of Donald Trump - Wikipedia"",""url"":""https://en.wikipedia.org/wiki/Second_cabinet_of_Donald_Trump""}]","✓ Well-sourced; ✓ Detailed explanation; ✓ Well-tagged"
"9","Multiple Choice","Evaluation","Government","What potential long-term impact could Trump's use of recess appointments have on the balance of power between branches of government?","It would strengthen congressional oversight of executive appointments","It could weaken the Senate's constitutional role in checking presidential power","It would require a constitutional amendment to change the process","It would give the Supreme Court more authority over appointments","It could weaken the Senate's constitutional role in checking presidential power","Think about what happens to checks and balances when one branch gives up its constitutional responsibilities.","If the Senate regularly allows presidents to bypass confirmation, it undermines the system designed to protect you from unqualified or dangerous appointees. Future presidents from both parties might expect the same treatment, gradually eroding the legislative branch's ability to serve as a check on executive power.","senate; president; government; executive","[{""name"":""Why does the Senate confirm Trump's picks for key posts — and how? - The Conversation"",""url"":""https://theconversation.com/why-does-the-senate-confirm-trumps-picks-for-key-posts-and-how-a-legal-scholar-explains-the-confirmation-process-and-the-constitutional-loophole-of-recess-appointments-243646""},{""name"":""With recess appointments, Trump would cut out a key Senate role"",""url"":""https://goodauthority.org/news/trump-recess-appointments-cabinet-bypass-senate-advice-and-consent/""}]","✓ Detailed explanation; ✓ Well-tagged"
"10","Multiple Choice","Evaluation","Government","How might the controversy over Trump's Cabinet nominees affect public trust in government institutions?","It will increase trust by showing the system works as intended","It could decrease trust if citizens see the process as purely partisan","It will have no impact on public opinion about government","It will only affect trust among political elites, not ordinary citizens","It could decrease trust if citizens see the process as purely partisan","Consider how public perception of government changes when confirmation battles appear to be about politics rather than qualifications.","When citizens lose faith in government institutions, they're less likely to participate in democracy through voting, contacting representatives, or civic engagement. Your active participation in the political process helps ensure that government serves everyone's interests, not just partisan goals.","democracy; voting; government; civic","[{""name"":""Pete Hegseth, Trump's embattled pick for defense secretary, confirmed by Senate - NPR (Alternative)"",""url"":""https://npr.org""},{""name"":""How Marco Rubio, Pete Hegseth and others made it to Trump's Cabinet - ABC News"",""url"":""https://abcnews.go.com/538/marco-rubio-pete-hegseth-made-trumps-cabinet/story?id=118275666""}]","✓ Detailed explanation; ✓ Well-tagged"
"11","True or False","Recall","Government","Marco Rubio was the first member of Trump's Cabinet to be confirmed by the Senate.","","","","","true","Think about which nominee received unanimous Senate approval on Inauguration Day.","Rubio's unanimous confirmation shows that some nominees can still win bipartisan support when they have relevant experience and qualifications. This demonstrates that the confirmation process can work smoothly when presidents choose qualified candidates who put national interests above partisan politics.","senate; president; government; presidential powers","[{""name"":""Rubio confirmed as Hegseth, Ratcliffe pass key thresholds - The Washington Post (Alternative)"",""url"":""https://washingtonpost.com""},{""name"":""Pete Hegseth was confirmed as secretary of Defense. Where do other Trump nominees stand? - Deseret News"",""url"":""https://www.deseret.com/politics/2025/01/24/trump-cabinet-nominations-who-is-confirmed/""}]","✓ Detailed explanation; ✓ Well-tagged"
"12","True or False","Comprehension","Government","Recess appointments can only be made when the Senate is out of session for at least 10 days, according to a 2014 Supreme Court ruling.","","","","","true","Remember the Supreme Court case that limited presidential power to make appointments during short Senate breaks.","This Supreme Court ruling protects your interests by preventing presidents from making appointments during brief Senate recesses. The Court recognized that longer breaks are necessary to justify bypassing the normal confirmation process that ensures nominees are properly vetted before taking positions that affect your life.","senate; president; supreme court; government","[{""name"":""What are recess appointments and how could Trump use them to fill his Cabinet? - AP News (Alternative)"",""url"":""https://apnews.com""},{""name"":""How Trump could use recess appointments to install cabinet picks - Reuters (Alternative)"",""url"":""https://reuters.com""}]","✓ Detailed explanation; ✓ Well-tagged"
"13","True or False","Analysis","Government","Trump announced all 23 of his Cabinet nominees faster than he did during his first presidential transition in 2016.","","","","","true","Compare the average number of days after election day for Trump's 2024 nominations versus his 2016 nominations.","This faster pace suggests Trump learned from his first transition and came better prepared with a team ready to govern. However, speed shouldn't come at the expense of thorough vetting - you deserve qualified people in positions that affect everything from your healthcare to national security.","president; government; presidential powers","[{""name"":""Donald Trump's Cabinet, 2025 - Ballotpedia"",""url"":""https://ballotpedia.org/Donald_Trump's_Cabinet,_2025""},{""name"":""Here's who is in Trump cabinet and other top staff positions - BBC News"",""url"":""https://www.bbc.com/news/articles/cx24gze60yzo""},{""name"":""Second cabinet of Donald Trump - Wikipedia"",""url"":""https://en.wikipedia.org/wiki/Second_cabinet_of_Donald_Trump""}]","✓ Well-sourced; ✓ Detailed explanation; ✓ Well-tagged"
"14","Short Answer","Comprehension","Government","Explain why Matt Gaetz withdrew his nomination for Attorney General and how this demonstrates the Senate's constitutional role.","","","","","Gaetz withdrew because he lacked sufficient Republican support in the Senate due to ethics investigations involving sexual misconduct allegations. This shows the Senate's advice and consent role working as intended - even senators from the president's party can reject nominees they find unqualified or problematic.","Think about the ethics investigations and the lack of Republican Senate support that led to his withdrawal.","This situation proves that the confirmation process can work to protect citizens from potentially unfit appointees. When you vote for senators, you're choosing people who have the constitutional duty to thoroughly vet nominees, regardless of party loyalty, to ensure only qualified individuals serve in positions that affect your daily life.","constitution; senate; government; citizen","[{""name"":""Gaetz withdraws from attorney general consideration after Trump told him he didn't have the votes in the Senate - CNN Politics (Alternative)"",""url"":""https://cnn.com""},{""name"":""Matt Gaetz withdraws as attorney general nominee - CBS News"",""url"":""https://www.cbsnews.com/news/matt-gaetz-withdraw-attorney-general-nomination/""}]","✓ Detailed explanation; ✓ Well-tagged"
"15","Short Answer","Analysis","Government","Analyze how Trump's demand for recess appointments reflects the tension between executive efficiency and legislative oversight in the American system of government.","","","","","Trump argues recess appointments are needed for efficiency because Senate confirmations can take months or years, delaying his ability to implement his agenda. However, this bypasses the Senate's constitutional role of advice and consent, which serves as a crucial check on executive power to ensure only qualified nominees serve in key positions.","Consider the balance between a president's need to fill positions quickly and the Senate's duty to review nominees carefully.","This tension is exactly what the founders intended - they wanted government to be effective but not so powerful that it could ignore other branches. Your participation in elections for both president and senators helps maintain this balance, ensuring government works efficiently while protecting your interests through proper oversight.","election; president; government; executive","[{""name"":""Trump told senators to allow recess appointments. Here's what that means. - The Washington Post (Alternative)"",""url"":""https://washingtonpost.com""},{""name"":""Why does the Senate confirm Trump's picks for key posts — and how? - The Conversation"",""url"":""https://theconversation.com/why-does-the-senate-confirm-trumps-picks-for-key-posts-and-how-a-legal-scholar-explains-the-confirmation-process-and-the-constitutional-loophole-of-recess-appointments-243646""}]","✓ Detailed explanation; ✓ Well-tagged"
"16","Short Answer","Recall","Government","Match each Trump Cabinet nominee with their designated position:","","","","","All pairs matched correctly","Think about which nominees were confirmed first and which positions they were nominated for.","Knowing who holds these key positions helps you understand who's making decisions that affect your life. The Defense Secretary shapes military policy, the Attorney General oversees federal law enforcement, and the Treasury Secretary influences economic policy that impacts your job and finances.","federal; law; policy; government","[{""name"":""See the full list of Trump Cabinet picks and major White House appointments - CBS News"",""url"":""https://www.cbsnews.com/news/who-might-be-in-donald-trump-cabinet/""},{""name"":""Tracking Trump's picks to serve in his Cabinet, administration - ABC News"",""url"":""https://abcnews.go.com/Politics/tracking-trump-named-serve-cabinet-administration/story?id=115777302""}]","✓ Detailed explanation; ✓ Well-tagged"
"17","Short Answer","Comprehension","Government","Match each aspect of the confirmation process with its constitutional or legal basis:","","","","","All pairs matched correctly","Consider which requirements come from the Constitution versus Supreme Court decisions or Senate procedures.","Understanding the legal foundation of the confirmation process helps you recognize when government officials are following proper procedures versus when they might be overstepping their authority. This knowledge empowers you to hold your representatives accountable for protecting constitutional principles.","constitution; government","[{""name"":""What happens during Donald Trump's presidential transition process, 2024-2025 - Ballotpedia"",""url"":""https://ballotpedia.org/What_happens_during_Donald_Trump's_presidential_transition_process,_2024-2025""},{""name"":""U.S. Senate: Donald J. Trump Cabinet Nominations"",""url"":""https://www.senate.gov/legislative/nominations/Trump_47_cabinet.htm""}]","✓ Detailed explanation"
"18","Short Answer","Recall","Government","Complete this passage about Trump's transition process: Trump announced [BLANK] as his White House Chief of Staff on November 7, 2024, making her the first woman to hold this position. His first choice for Attorney General, [BLANK], withdrew from consideration due to ethics investigations, leading Trump to nominate [BLANK] as his replacement.","","","","","Susie Wiles; Matt Gaetz; Pam Bondi","Think about the campaign manager who became Chief of Staff, the congressman who withdrew, and the former Florida Attorney General who replaced him.","These key appointments show how the transition process can involve both historic firsts and significant setbacks. Understanding who holds these positions helps you track how decisions are made that affect your community, from law enforcement policies to White House operations.","house; law; government; presidential powers","[{""name"":""Donald Trump presidential transition, 2024-2025 - Ballotpedia"",""url"":""https://ballotpedia.org/Donald_Trump_presidential_transition,_2024-2025""},{""name"":""Trump names longtime ally Pam Bondi as his new attorney general pick after Matt Gaetz withdraws - NBC News"",""url"":""https://www.nbcnews.com/politics/donald-trump/trump-announces-pam-bondi-attorney-general-pick-gaetz-withdraws-rcna181279""}]","✓ Detailed explanation; ✓ Well-tagged"
"19","Short Answer","Comprehension","Government","According to the Constitution and Supreme Court rulings, the Senate must provide [BLANK] for presidential nominations, and recess appointments can only be made when the Senate is out of session for at least [BLANK] days. Approximately [BLANK] political appointee positions require Senate confirmation.","","","","","advice and consent; 10; 1,300","Think about the constitutional phrase for Senate approval, the Supreme Court's minimum recess period, and the total number of positions requiring confirmation.","These numbers show the scope of Senate oversight in protecting your interests. With 1,300 positions requiring confirmation, senators have significant responsibility to ensure qualified people serve in roles that affect everything from your local post office to national security decisions.","constitution; senate; president; supreme court","[{""name"":""What happens during Donald Trump's presidential transition process, 2024-2025 - Ballotpedia"",""url"":""https://ballotpedia.org/What_happens_during_Donald_Trump's_presidential_transition_process,_2024-2025""},{""name"":""What are recess appointments and how could Trump use them to fill his Cabinet? - AP News (Alternative)"",""url"":""https://apnews.com""}]","✓ Detailed explanation; ✓ Well-tagged"
"20","Short Answer","Comprehension","Government","Put these events in Trump's presidential transition in chronological order:","","","","","1,2,3,4,5,6","Start with the election victory in November 2024 and follow through to the confirmation battles in January 2025.","This timeline shows how quickly presidential transitions can change course when nominees face opposition. Understanding this process helps you recognize when to contact your senators about nominees, since their decisions during confirmation battles directly impact who makes policies affecting your daily life.","president; government; presidential powers","[{""name"":""Second presidential transition of Donald Trump - Wikipedia"",""url"":""https://en.wikipedia.org/wiki/Second_presidential_transition_of_Donald_Trump""},{""name"":""Pete Hegseth, Trump's embattled pick for defense secretary, confirmed by Senate - NPR (Alternative)"",""url"":""https://npr.org""}]","✓ Detailed explanation; ✓ Well-tagged"